Year,Male,Female,Difference
2010,0.2,0.19999999999999998,-2.7755575615628914e-17
2011,0.19999999999999998,0.2,2.7755575615628914e-17
2012,0.2,0.19999999999999998,-2.7755575615628914e-17
2013,0.19999999999999998,0.2,2.7755575615628914e-17
2014,0.2,0.2,0.0
2015,0.19999999999999998,0.19999999999999998,0.0
2016,0.2,0.2,0.0
2017,0.2,0.2,0.0
2018,0.19999999999999998,0.19999999999999998,0.0
2019,0.2,0.2,0.0
