Year,PropBachelor
2010,0.30181248422641005
2011,0.30435269700301076
2012,0.3094459636423683
2013,0.3155304660786607
2014,0.3199556393576075
2015,0.326105055397519
2016,0.3329670019880657
2017,0.3373213274806809
2018,0.34866423079040293
2019,0.3558248034130266
