year,Salary,PropEdu
2010.0,1197119.5289187483,0.5488880932548812
2011.0,1240662.6502235315,0.5482025844309516
2012.0,1287186.957627131,0.5590983335460886
2013.0,1304169.4830984422,0.570128867484262
2014.0,1303596.1046900447,0.568340639380082
2015.0,1331653.4114243002,0.5774169321397427
2016.0,1374515.5907122805,0.5755910130522138
2017.0,1417563.8521737787,0.577616622032807
2018.0,1544664.4466686246,0.5854724671733633
2019.0,1585543.429620535,0.5907777224940669
