Year,PropBachelor
2010,0.3126559091070548
2011,0.31706990959262893
2012,0.3240023569136643
2013,0.33302293948513395
2014,0.3371371372269075
2015,0.3468721241058044
2016,0.3493638957050753
2017,0.3529565587807783
2018,0.3692410337343696
2019,0.37311190110152315
