Year,PropBachelor
2010,0.5488880932548812
2011,0.5482025844309516
2012,0.5590983335460886
2013,0.570128867484262
2014,0.568340639380082
2015,0.5774169321397427
2016,0.5755910130522138
2017,0.577616622032807
2018,0.5854724671733633
2019,0.5907777224940669
